table_id	category
T187	WineYard
T639	WineYard
T1008	WineYard
T1328	WineYard
T1003	Sports Event
T2270	Sports Event
T2271	Sports Event
T2272	Sports Event
T2273	Sports Event
T2289	Sports Event
T2300	Sports Event
T2390	Sports Event
T2394	Sports Event
T267	Sports Event
T271	Sports Event
T2292	Sports Event
T2293	Sports Event
T2302	Sports Event
T2397	Sports Event
T2395	Sports Event
T254	Sports Event
T2299	Sports Event
T2439	Sports Event
T2460	Sports Event
T2374	Sports Event
T745	Sports Event
T746	Sports Event
T816	Sports Event
T2301	Sports Event
T2331	Sports Event
T2396	Sports Event
T2465	Sports Event
T2330	Sports Event
T2387	Sports Event
T2388	Sports Event
T2389	Sports Event
T2391	Sports Event
T2392	Sports Event
T2393	Sports Event
T2464	Sports Event
T2398	Sports Event
T2335	Sports Event
T2451	Sports Event
T2444	Sport
T2446	Sport
T2447	Sport
T2440	Sport
T2441	Sport
T2442	Sport
T2443	Sport
T2445	Sport
T2313	Planet
T1456	Planet
T140	Planet
T33	Planet
T358	Organization
T107	Person
T378	Person
T1564	Person
T1711	Person
T1961	Person
T1519	Musician
T1639	Person
T1409	Person
T1553	Person
T1809	Person
T1828	Person
T1416	Person
T1546	Person
T1486	Person
T1718	Person
T1929	Person
T1851	Person
T1526	Person
T1692	Person
T1886	Person
T1447	Person
T1579	Person
T1476	Person
T1415	Person
T2025	Person
T1660	Person
T1441	Person
T1924	Person
T1600	Person
T1485	Person
T1736	Person
T1945	Person
T1452	Person
T1677	Person
T1649	Person
T1734	Musician
T1538	Person
T150	Person
T1821	Person
T1679	Person
T1433	Person
T1805	Person
T1428	Person
T1927	Person
T1582	Person
T1873	Person
T1544	Person
T1437	Person
T1697	Person
T1559	Person
T1977	Person
T1448	Person
T1603	Person
T1479	Person
T1876	Person
T1628	Person
T1520	Person
T1701	Person
T1627	Person
T1625	Person
T1442	Musician
T1906	Musician
T1535	Person
T1461	Musician
T1957	Musician
T1611	Person
T1765	Musician
T1908	Musician
T1430	Person
T1475	Person
T1425	Person
T1543	Person
T1638	Person
T1685	Person
T1683	Person
T1580	Person
T1762	Person
T1705	Person
T1505	Person
T1504	Person
T1596	Person
T1606	Musician
T1570	Person
T1497	Person
T1594	Person
T1466	Person
T1510	Person
T1786	Person
T1830	Person
T1672	Person
T1420	Person
T1481	Person
T1528	Person
T1455	Person
T1619	Person
T1524	Person
T1426	Person
T1883	Musician
T1507	Person
T1670	Person
T1717	Person
T1674	Person
T1465	Person
T1695	Person
T1731	Person
T1421	Musician
T1446	Person
T1471	Musician
T1919	Musician
T1513	Person
T1577	Person
T1665	Person
T1616	Person
T1405	Person
T1484	Person
T1686	Musician
T1978	Person
T1880	Person
T1716	Person
T1704	Person
T1509	Musician
T1581	Musician
T1681	Person
T373	Person
T1841	Person
T1404	Person
T1615	Person
T1673	Musician
T1503	Person
T1477	Musician
T1894	Person
T1542	Person
T1865	Musician
T1548	Person
T1950	Person
T1462	Person
T1470	Musician
T1585	Musician
T120	Person
T576	Person
T661	Person
T2487	Person
T1562	Person
T234	Person
T216	Person
T1937	Person
T407	Person
T711	Person
T335	Person
T489	Person
T970	Person
T244	Person
T1057	Person
T903	Person
T1041	Person
T888	Person
T2616	Person
T1454	Person
T491	Person
T1560	Person
T1410	Person
T760	Person
T1801	Person
T1688	Person
T507	Person
T8	Person
T189	Musician
T475	Musician
T1240	Person
T1114	Person
T1296	Person
T155	Person
T94	Person
T1574	Person
T688	Person
T246	Person
T1795	Person
T2606	Person
T779	Person
T186	Person
T171	Person
T336	Person
T1193	Person
T276	Person
T1375	Person
T1918	Person
T1602	Person
T751	Person
T34	Person
T1614	Person
T1502	Person
T345	Person
T2588	Person
T1500	Person
T1832	Person
T2614	Person
T792	Person
T2654	Person
T2678	Person
T1411	Person
T726	Person
T130	Person
T1464	Person
T349	Person
T2592	Person
T241	Person
T243	Person
T1250	Person
T2626	Person
T1708	Person
T1418	Person
T5	Person
T1252	Person
T789	Person
T1274	Person
T1859	Person
T238	Person
T1414	Person
T1735	Person
T1942	Person
T2689	Person
T601	Person
T1488	Person
T304	Person
T1151	Person
T215	Person
T311	Person
T747	Person
T1236	Person
T1345	Person
T1720	Person
T391	Person
T494	Person
T58	Person
T1558	Person
T2711	Person
T1450	Person
T1550	Person
T1360	Person
T2691	Person
T512	Person
T505	Person
T1612	Person
T539	Person
T1244	Person
T327	Person
T1191	Person
T2501	Person
T295	Person
T781	Person
T1693	Person
T169	Person
T1910	Person
T654	Person
T2521	Person
T2610	Person
T1651	Person
T1922	Person
T1605	Person
T692	Person
T2528	Person
T1829	Person
T2020	Person
T1234	Person
T1814	Person
T19	Person
T1499	Person
T2585	Person
T730	Person
T607	Person
T63	Person
T1163	Person
T2540	Person
T589	Person
T1904	Person
T846	Person
T956	Person
T1921	Person
T1996	Person
T1850	Person
T359	Person
T1341	Person
T1125	Person
T165	Person
T1321	Person
T413	Person
T1604	Person
T2504	Person
T229	Person
T321	Person
T371	Person
T48	Person
T308	Person
T617	Person
T1423	Person
T1723	Person
T194	Person
T1431	Person
T403	Person
T1523	Person
T2545	Person
T2593	Person
T78	Person
T694	Person
T1691	Person
T2696	Person
T1912	Person
T46	Person
T1388	Person
T1432	Person
T1522	Person
T152	Person
T2508	Person
T1610	Person
T2695	Person
T1825	Person
T674	Person
T97	Person
T1210	Person
T1216	Person
T35	Person
T1909	Person
T1186	Person
T197	Person
T717	Person
T149	Person
T1229	Person
T75	Person
T1417	Person
T1413	Person
T1637	Person
T2576	Person
T670	Person
T1584	Person
T1472	Person
T205	Person
T1727	Person
T1482	Person
T516	Person
T51	Person
T644	Person
T119	Person
T84	Person
T596	Person
T1152	Person
T2658	Person
T398	Person
T477	Person
T154	Person
T1380	Person
T401	Musician
T1591	Musician
T487	Person
T2600	Musician
T422	Musician
T1496	Musician
T1862	Musician
T2639	Person
T690	Person
T196	Person
T1661	Person
T2571	Person
T2716	Person
T128	Person
T2627	Person
T408	Person
T1656	Person
T1331	Person
T598	Person
T1389	Person
T2539	Person
T420	Person
T1540	Person
T796	Person
T163	Person
T1676	Person
T1567	Person
T1745	Person
T2604	Person
T2623	Person
T2609	Person
T206	Person
T1630	Person
T414	Musician
T1138	Musician
T1291	Person
T18	Person
T623	Person
T568	Person
T1938	Person
T450	Person
T2641	Person
T1344	Person
T630	Person
T2710	Person
T1207	Musician
T423	Musician
T1362	Musician
T1370	Musician
T1398	Musician
T1738	Musician
T1318	Person
T193	Person
T1148	Person
T103	Musician
T559	Person
T1838	Person
T50	Person
T1324	Person
T1424	Musician
T484	Musician
T756	Musician
T146	Person
T131	Person
T786	Person
T17	Person
T1197	Person
T2646	Person
T708	Person
T49	Person
T132	Person
T677	Person
T1225	Person
T1350	Person
T1276	Musician
T1342	Musician
T1514	Person
T81	Person
T1230	Person
T731	Person
T1257	Musician
T1588	Person
T496	Musician
T729	Musician
T1374	Musician
T1896	Person
T763	Person
T126	Person
T734	Person
T473	Musician
T1190	Person
T1208	Musician
T1203	Musician
T1386	Person
T828	Musician
T594	Person
T341	Person
T780	Person
T2514	Person
T793	Person
T724	Person
T1121	Person
T1201	Person
T144	Person
T448	Person
T741	Person
T233	Person
T1242	Person
T1551	Person
T716	Person
T346	Musician
T418	Person
T1182	Person
T1333	Person
T159	Person
T1494	Person
T1833	Person
T73	Person
T217	Person
T1468	Person
T200	Person
T1132	Person
T1703	Person
T1754	Person
T655	Person
T2712	Person
T2631	Person
T845	Person
T2530	Person
T517	Person
T383	Person
T1571	Musician
T1435	Person
T2660	Person
T2535	Person
T460	Person
T675	Person
T777	Person
T1332	Person
T2510	Person
T765	Person
T45	Musician
T1489	Musician
T268	Person
T486	Person
T426	Musician
T658	Person
T208	Person
T1335	Person
T168	Person
T340	Musician
T1549	Musician
T1149	Musician
T89	Musician
T1292	Person
T715	Person
T237	Musician
T642	Musician
T713	Musician
T1221	Person
T1137	Person
T1290	Person
T47	Person
T530	Person
T1539	Person
T416	Musician
T502	Person
T1357	Person
T727	Person
T1608	Person
T718	Person
T775	Person
T629	Person
T1167	Person
T199	Musician
T431	Musician
T1382	Musician
T1383	Musician
T361	Person
T62	Person
T385	Person
T1113	Person
T983	Person
T1100	Person
T360	Person
T943	Person
T1322	Person
T739	Musician
T798	Person
T2630	Person
T204	Person
T118	Person
T167	Painting
T201	Painting
T960	Painting
T1925	Painting
T2042	Painting
T2296	Painting
T2422	Painting
T881	Painting
T968	Painting
T2279	Painting
T2308	Painting
T21	Painting
T64	Painting
T108	Painting
T111	Painting
T123	Painting
T139	Painting
T147	Painting
T173	Painting
T184	Painting
T226	Painting
T290	Painting
T303	Painting
T315	Painting
T316	Painting
T318	Painting
T320	Painting
T339	Painting
T350	Painting
T409	Painting
T454	Painting
T461	Painting
T488	Painting
T498	Painting
T525	Painting
T531	Painting
T550	Painting
T572	Painting
T586	Painting
T621	Painting
T650	Painting
T668	Painting
T697	Painting
T706	Painting
T762	Painting
T764	Painting
T767	Painting
T794	Painting
T850	Painting
T876	Painting
T883	Painting
T892	Painting
T919	Painting
T930	Painting
T933	Painting
T936	Painting
T954	Painting
T959	Painting
T991	Painting
T1005	Painting
T1010	Painting
T1046	Painting
T1048	Painting
T1049	Painting
T1091	Painting
T1487	Painting
T1491	Painting
T1533	Painting
T1566	Painting
T1618	Painting
T1741	Painting
T1743	Painting
T1779	Painting
T1784	Painting
T1891	Painting
T1955	Painting
T1980	Painting
T1988	Painting
T2038	Painting
T2043	Painting
T2305	Painting
T2315	Painting
T2321	Painting
T2325	Painting
T2360	Painting
T2361	Painting
T2362	Painting
T2366	Painting
T2370	Painting
T2372	Painting
T2378	Painting
T2381	Painting
T2384	Painting
T2359	Painting
T2018	Painting
T643	Painting
T2281	Painting
T1799	Painting
T2413	Painting
T2420	Painting
T57	Painting
T138	Painting
T317	Painting
T427	Painting
T438	Painting
T478	Painting
T528	Painting
T638	Painting
T689	Painting
T795	Painting
T986	Painting
T1473	Painting
T1554	Painting
T1985	Painting
T2019	Painting
T2320	Painting
T2344	Painting
T2349	Painting
T2382	Painting
T1772	Painting
T924	Painting
T573	Painting
T2365	Painting
T283	Painting
T1385	Organization
T1251	Organization
T1358	Organization
T1233	Organization
T1158	Organization
T1178	Organization
T2656	Organization
T133	Person
T2470	Organization
T2675	Organization
T2638	Organization
T2529	Organization
T2608	Organization
T2607	Organization
T2520	Organization
T2642	Organization
T2648	Organization
T2550	Organization
T1279	Organization
T2717	Organization
T932	Organization
T2718	Organization
T1287	Organization
T2699	Organization
T2703	Organization
T2651	Organization
T2652	Organization
T2650	Organization
T2632	Organization
T2619	Organization
T2495	Organization
T2661	Organization
T2621	Organization
T2515	Organization
T2569	Organization
T2478	Organization
T2483	Organization
T2683	Organization
T2586	Organization
T2489	Organization
T2596	Organization
T2584	Organization
T2676	Organization
T96	Musician
T1650	Musician
T125	Musician
T1947	Musician
T768	Musician
T922	Movie
T1089	Movie
T2613	Movie
T1659	Movie
T1806	Movie
T1518	Movie
T1536	Movie
T1607	Movie
T1777	Movie
T2549	Movie
T110	Movie
T188	Movie
T472	Movie
T266	Movie
T289	Movie
T396	Movie
T436	Movie
T752	Movie
T891	Movie
T964	Movie
T981	Movie
T990	Movie
T1884	Movie
T2041	Movie
T858	Movie
T92	Movie
T493	Movie
T1	Movie
T129	Movie
T175	Movie
T183	Movie
T406	Movie
T877	Movie
T887	Movie
T890	Movie
T913	Movie
T951	Movie
T962	Movie
T1028	Movie
T1034	Movie
T1804	Movie
T1818	Movie
T1819	Movie
T1839	Movie
T1856	Movie
T1889	Movie
T1944	Movie
T1958	Movie
T1959	Movie
T1964	Movie
T15	Movie
T653	Movie
T590	Movie
T609	Movie
T627	Movie
T634	Movie
T949	Movie
T1017	Movie
T1099	Movie
T2472	Movie
T2578	Movie
T2657	Movie
T2669	Movie
T2677	Movie
T2662	Movie
T1751	Movie
T27	Movie
T928	Movie
T1844	Movie
T1698	Movie
T1080	Movie
T645	Movie
T2479	Movie
T1527	Movie
T1682	Movie
T1687	Movie
T456	Movie
T457	Movie
T386	Movie
T1811	Movie
T91	Movie
T1837	Movie
T646	Movie
T649	Movie
T2594	Movie
T1516	Movie
T1592	Movie
T1775	Movie
T2505	Movie
T2589	Movie
T421	Movie
T224	Movie
T710	Movie
T748	Movie
T1032	Movie
T1045	Movie
T2011	Movie
T2013	Movie
T2023	Movie
T61	Movie
T2587	Movie
T599	Movie
T1004	Movie
T2707	Movie
T678	Movie
T1069	Movie
T1074	Movie
T2486	Movie
T2634	Movie
T2547	Movie
T595	Movie
T1756	Movie
T1946	Movie
T1474	Movie
T2531	Movie
T2659	Movie
T22	Movie
T210	Movie
T433	Movie
T452	Movie
T802	Movie
T23	Movie
T294	Movie
T397	Movie
T843	Movie
T735	Movie
T803	Movie
T842	Movie
T2558	Movie
T2693	Movie
T2476	Movie
T836	Movie
T859	Movie
T1822	Movie
T1609	Movie
T849	Movie
T567	Movie
T1644	Movie
T1965	Movie
T1763	Movie
T1760	Movie
T533	Movie
T285	Movie
T492	Movie
T556	Movie
T584	Movie
T2581	Movie
T1006	Movie
T2500	Movie
T2541	Movie
T2559	Movie
T1789	Movie
T1576	Movie
T2602	Movie
T1440	Movie
T1483	Movie
T1636	Movie
T1645	Movie
T1776	Movie
T1798	Movie
T455	Movie
T1643	Movie
T2551	Movie
T2552	Movie
T2679	Movie
T86	Movie
T100	Movie
T415	Movie
T547	Movie
T578	Movie
T1868	Movie
T996	Movie
T1852	Movie
T1994	Movie
T549	Movie
T192	Movie
T14	Movie
T53	Movie
T227	Movie
T240	Movie
T344	Movie
T449	Movie
T510	Movie
T804	Movie
T820	Movie
T841	Movie
T848	Movie
T912	Movie
T925	Movie
T963	Movie
T979	Movie
T1027	Movie
T1812	Movie
T1813	Movie
T1816	Movie
T1845	Movie
T1887	Movie
T1990	Movie
T1993	Movie
T2002	Movie
T2004	Movie
T2028	Movie
T1036	Movie
T1895	Movie
T582	Movie
T2497	Movie
T2328	Movie
T2507	Movie
T667	Movie
T926	Movie
T1054	Movie
T2524	Movie
T2668	Movie
T2688	Movie
T2697	Movie
T2533	Movie
T2590	Movie
T2491	Movie
T2685	Movie
T2518	Movie
T2644	Movie
T544	Movie
T2499	Movie
T626	Movie
T2709	Movie
T1881	Movie
T2517	Movie
T2665	Movie
T2666	Movie
T2502	Movie
T425	Game
T1063	Game
T1299	Game
T988	Food&Drink
T1094	Food&Drink
T52	Food&Drink
T2024	Food&Drink
T866	Food&Drink
T1081	Food&Drink
T1050	Food&Drink
T1062	Food&Drink
T3	Food&Drink
T532	Food&Drink
T782	Food&Drink
T1916	Food&Drink
T712	Food&Drink
T292	Food&Drink
T557	Food&Drink
T247	Food&Drink
T1936	Food&Drink
T1508	Food&Drink
T728	Food&Drink
T214	Food&Drink
T1702	Food&Drink
T2317	Food&Drink
T1840	Food&Drink
T605	Food&Drink
T534	Food&Drink
T2454	Food&Drink
T722	Food&Drink
T896	Food&Drink
T1067	Food&Drink
T1991	Food&Drink
T2297	Food&Drink
T1654	Food&Drink
T1843	Food&Drink
T2310	Food&Drink
T657	Food&Drink
T714	Food&Drink
T733	Food&Drink
T864	Food&Drink
T2275	Food&Drink
T430	Food&Drink
T1052	Food&Drink
T602	Food&Drink
T773	Food&Drink
T783	Food&Drink
T651	Food&Drink
T1939	Food&Drink
T207	Food&Drink
T884	Food&Drink
T2029	Food&Drink
T2346	Food&Drink
T2438	Food&Drink
T1758	Food&Drink
T135	Food&Drink
T77	Musician
T143	Person
T176	Event
T70	Event
T766	Food&Drink
T1759	Food&Drink
T999	Food&Drink
T867	Food&Drink
T985	Food&Drink
T1097	Food&Drink
T1622	Food&Drink
T1429	Food&Drink
T76	Food&Drink
T453	Food&Drink
T26	Food&Drink
T882	Food&Drink
T2287	Food&Drink
T966	Food&Drink
T778	Food&Drink
T770	Food&Drink
T467	Food&Drink
T483	Food&Drink
T581	Food&Drink
T2307	Food&Drink
T2291	Food&Drink
T2468	Food&Drink
T1972	Food&Drink
T468	Food&Drink
T177	Country
T16	Country
T305	Country
T482	Country
T261	Country
T558	Country
T1631	Country
T1406	Country
T136	Country
T79	Country
T299	Country
T1989	Country
T82	Country
T684	Country
T1752	Country
T1016	Country
T992	Country
T1451	Country
T911	Country
T30	Country
T2030	Country
T948	Country
T1575	Country
T1655	Country
T759	Country
T88	Country
T875	Country
T218	Country
T405	Country
T2032	Country
T1011	Country
T908	Country
T1029	Country
T1555	Country
T995	Country
T2007	Country
T444	Country
T2316	Country
T1835	Country
T1920	Country
T404	Country
T1857	Country
T2001	Country
T203	Country
T1810	Country
T1911	Country
T1773	Country
T1917	Country
T1506	Country
T1748	Country
T885	Country
T812	Country
T2290	Country
T900	Country
T947	Country
T830	Country
T787	Country
T1038	Country
T1015	Country
T1064	Country
T870	Country
T1012	Country
T1039	Country
T610	Country
T813	Country
T613	Country
T923	Country
T736	Country
T195	Country
T54	Country
T2	Country
T12	Country
T4	Country
T105	Country
T162	Country
T2490	Organization
T2527	Organization
T950	Organization
T2690	City
T98	City
T2334	City
T917	City
T893	City
T2274	City
T2311	City
T2457	City
T1407	City
T230	City
T2383	City
T141	City
T548	City
T835	City
T861	City
T2415	City
T1088	City
T662	City
T1666	City
T1815	City
T974	City
T221	City
T470	City
T2403	City
T172	City
T122	City
T198	Musician
T1869	Musician
T180	Musician
T355	Musician
T1463	Musician
T1621	Musician
T1675	Musician
T1710	Musician
T2673	Musician
T32	Musician
T1595	Musician
T1578	Musician
T302	Musician
T1709	Musician
T9	Musician
T60	Musician
T99	Musician
T256	Musician
T1156	Musician
T1238	Musician
T1301	Musician
T1403	Musician
T1422	Musician
T1641	Musician
T1706	Musician
T1419	Musician
T705	Musician
T1117	Musician
T1490	Musician
T1493	Musician
T66	Musician
T328	Musician
T273	Musician
T37	Musician
T402	Musician
T372	Musician
T1642	Musician
T272	Musician
T366	Musician
T1253	Musician
T1364	Musician
T1684	Musician
T153	Musician
T260	Musician
T322	Musician
T497	Musician
T1492	Musician
T1529	Musician
T1707	Musician
T1951	Musician
T1626	Musician
T333	Person
T1082	Person
T1122	Musician
T393	Person
T356	Person
T329	Person
T250	Person
T288	Musician
T301	Person
T374	Person
T553	Musician
T504	Musician
T732	Musician
T564	Musician
T1265	Musician
T1847	Musician
T43	Musician
T95	Musician
T156	Musician
T182	Musician
T223	Musician
T265	Musician
T284	Musician
T686	Musician
T737	Musician
T750	Musician
T1219	Musician
T1224	Musician
T1267	Musician
T1359	Musician
T1439	Musician
T1498	Musician
T1565	Musician
T1620	Musician
T1699	Musician
T1753	Musician
T331	Musician
T1325	Musician
T1664	Musician
T1726	Musician
T174	Musician
T1517	Musician
T74	Musician
T1146	Musician
T1590	Musician
T1732	Musician
T1457	Musician
T1534	Musician
T71	Musician
T245	Musician
T904	Person
T1189	Person
T499	Person
T1725	Person
T648	Person
T269	Person
T274	Person
T367	Musician
T31	Person
T275	Person
T298	Person
T248	Person
T277	Person
T364	Musician
T127	Person
T704	Musician
T1780	Musician
T515	Musician
T707	Musician
T151	Musician
T296	Musician
T412	Musician
T608	Musician
T1202	Musician
T1402	Musician
T1458	Musician
T1552	Musician
T1657	Musician
T1901	Musician
T36	Musician
T332	Musician
T1646	Musician
T381	Musician
T263	Person
T39	Person
T354	Person
T41	Person
T377	Person
T253	Person
T257	Musician
T363	Person
T255	Musician
T353	Person
T348	Musician
T270	Person
T280	Person
T124	Musician
T1438	Person
T252	Person
T382	Musician
T264	Person
T2694	Person
T11	Person
T1680	Person
T1023	Person
T622	Person
T641	Person
T1730	Person
T555	Musician
T400	Person
T1713	Person
T145	Person
T511	Person
T342	Person
T1436	Person
T2643	Person
T142	Person
T1572	Person
T222	Person
T211	Book
T1563	Book
T633	Book
T1412	Book
T1515	Book
T1634	Book
T1469	Book
T977	Book
T85	Book
T121	Book
T190	Book
T625	Book
T833	Book
T987	Book
T994	Book
T1037	Book
T1096	Book
T1110	Book
T749	Book
T844	Book
T1106	Book
T1935	Book
T2037	Book
T1999	Book
T59	Book
T442	Book
T1875	Book
T1737	Book
T839	Book
T1075	Book
T1882	Book
T640	Book
T1076	Book
T1855	Book
T535	Book
T101	Musician
T680	Musician
T761	Musician
T1305	Musician
T1796	Musician
T2647	Musician
T2698	Musician
T83	Musician
T137	Musician
T160	Musician
T219	Musician
T220	Musician
T278	Musician
T287	Musician
T306	Musician
T368	Musician
T375	Musician
T435	Musician
T508	Musician
T628	Musician
T631	Musician
T647	Musician
T663	Musician
T665	Musician
T744	Musician
T754	Musician
T784	Musician
T855	Musician
T871	Musician
T957	Musician
T972	Musician
T1119	Musician
T1123	Musician
T1176	Musician
T1278	Musician
T1393	Musician
T1495	Musician
T1632	Musician
T1648	Musician
T1768	Musician
T1770	Musician
T1877	Musician
T2595	Musician
T25	Musician
T29	Musician
T242	Musician
T384	Musician
T514	Musician
T569	Musician
T1040	Musician
T1188	Musician
T1239	Musician
T1391	Musician
T2329	Musician
T38	Musician
T1058	Animal
T1787	Animal
T1013	Animal
T40	Animal
T134	Animal
T158	Animal
T395	Animal
T1794	Animal
T1973	Animal
T1306	Animal
T1956	Animal
T1460	Animal
T1933	Animal
T471	Animal
T313	Animal
T495	Animal
T521	Animal
T522	Animal
T542	Animal
T597	Animal
T687	Animal
T797	Animal
T808	Animal
T1145	Animal
T1170	Animal
T1179	Animal
T1183	Animal
T1211	Animal
T1232	Animal
T1336	Animal
T1569	Animal
T1893	Animal
T1923	Animal
T1995	Animal
T279	Animal
T481	Animal
T1390	Animal
T664	Animal
T1262	Animal
T554	Animal
T604	Animal
T606	Animal
T1200	Animal
T1313	Animal
T1399	Animal
T1635	Animal
T1774	Animal
T1981	Animal
T1087	Animal
T67	Animal
T2021	Animal
T1791	Animal
T971	Animal
T1982	Animal
T148	Animal
T2009	Animal
T1599	Animal
T161	Animal
T1059	Animal
T1085	Animal
T1669	Animal
T1771	Animal
T551	Animal
T958	Animal
T934	Animal
T1598	Animal
T476	Animal
T1854	Animal
T1573	Animal
T666	Animal
T1060	Animal
T2664	Album
T2566	Album
T2640	Album
T2649	Album
T2563	Album
T2542	Musician
T68	Musician
T104	Musician
T178	Musician
T232	Musician
T324	Musician
T513	Musician
T524	Musician
T537	Musician
T659	Musician
T672	Musician
T696	Musician
T865	Musician
T993	Musician
T1071	Musician
T1095	Musician
T1180	Musician
T1195	Musician
T1214	Musician
T1277	Musician
T1307	Musician
T1663	Musician
T1898	Musician
T2039	Musician
T2492	Musician
T6	Musician
T20	Musician
T56	Musician
T87	Musician
T90	Musician
T109	Musician
T116	Musician
T164	Musician
T181	Musician
T185	Musician
T191	Musician
T251	Musician
T281	Musician
T309	Musician
T338	Musician
T362	Musician
T387	Musician
T392	Musician
T399	Musician
T410	Musician
T411	Musician
T459	Musician
T490	Musician
T503	Musician
T538	Musician
T545	Musician
T552	Musician
T570	Musician
T580	Musician
T588	Musician
T591	Musician
T652	Musician
T673	Musician
T753	Musician
T769	Musician
T806	Musician
T807	Musician
T832	Musician
T837	Musician
T840	Musician
T851	Musician
T853	Musician
T878	Musician
T879	Musician
T894	Musician
T895	Musician
T906	Musician
T938	Musician
T939	Musician
T1042	Musician
T1055	Musician
T1068	Musician
T1079	Musician
T1133	Musician
T1184	Musician
T1263	Musician
T1285	Musician
T1302	Musician
T1303	Musician
T1308	Musician
T1329	Musician
T1338	Musician
T1339	Musician
T1351	Musician
T1352	Musician
T1365	Musician
T1368	Musician
T1379	Musician
T1408	Musician
T1444	Musician
T1445	Musician
T1532	Musician
T1617	Musician
T1624	Musician
T1629	Musician
T1696	Musician
T1755	Musician
T1792	Musician
T1797	Musician
T1827	Musician
T1866	Musician
T1941	Musician
T1948	Musician
T1969	Musician
T1976	Musician
T1979	Musician
T2012	Musician
T2040	Musician
T2044	Musician
T2277	Musician
T2285	Musician
T2343	Musician
T2351	Musician
T2364	Musician
T2385	Musician
T2400	Musician
T2562	Musician
T24	Musician
T113	Musician
T249	Musician
T343	Musician
T370	Musician
T518	Musician
T529	Musician
T561	Musician
T637	Musician
T656	Musician
T695	Musician
T776	Musician
T827	Musician
T868	Musician
T1018	Musician
T1084	Musician
T1134	Musician
T1171	Musician
T1194	Musician
T1237	Musician
T1280	Musician
T1330	Musician
T1459	Musician
T1601	Musician
T1640	Musician
T1715	Musician
T1721	Musician
T1785	Musician
T1967	Musician
T2003	Musician
T2014	Musician
T2363	Musician
T2373	Musician
T2402	Musician
T2412	Musician
T2433	Musician
T2708	Musician
T619	Album
T2701	Album
T2488	Album
T2525	Album
T2622	Album
T2475	Album
T2516	Album
T42	Album
T112	Album
T347	Album
T818	Album
T1714	Album
T1788	Album
T1952	Album
T2034	Album
T2561	Album
T2574	Album
T0	Album
T13	Album
T44	Album
T114	Album
T379	Album
T428	Album
T443	Album
T451	Album
T592	Album
T679	Album
T771	Album
T805	Album
T811	Album
T819	Album
T824	Album
T838	Album
T852	Album
T1024	Album
T1103	Album
T1223	Album
T1231	Album
T1478	Album
T1749	Album
T1769	Album
T1817	Album
T1824	Album
T1846	Album
T1966	Album
T1984	Album
T2017	Album
T2298	Album
T2326	Album
T2434	Album
T2448	Album
T2496	Album
T2624	Album
T800	Album
T509	Album
T1820	Album
T2369	Album
T801	Album
T10	Album
T28	Album
T55	Album
T65	Album
T72	Album
T80	Album
T93	Album
T102	Album
T106	Album
T115	Album
T117	Album
T157	Album
T166	Album
T170	Album
T179	Album
T235	Album
T307	Album
T326	Album
T330	Album
T352	Album
T369	Album
T376	Album
T389	Album
T417	Album
T419	Album
T424	Album
T432	Album
T441	Album
T462	Album
T465	Album
T469	Album
T479	Album
T480	Album
T520	Album
T546	Album
T562	Album
T585	Album
T600	Album
T611	Album
T614	Album
T671	Album
T676	Album
T682	Album
T685	Album
T691	Album
T699	Album
T700	Album
T703	Album
T709	Album
T720	Album
T721	Album
T723	Album
T743	Album
T755	Album
T785	Album
T826	Album
T834	Album
T854	Album
T860	Album
T863	Album
T902	Album
T907	Album
T909	Album
T920	Album
T935	Album
T942	Album
T945	Album
T955	Album
T965	Album
T976	Album
T980	Album
T989	Album
T1025	Album
T1030	Album
T1061	Album
T1066	Album
T1072	Album
T1077	Album
T1101	Album
T1115	Album
T1124	Album
T1128	Album
T1136	Album
T1153	Album
T1157	Album
T1161	Album
T1206	Album
T1209	Album
T1235	Album
T1264	Album
T1270	Album
T1282	Album
T1283	Album
T1316	Album
T1320	Album
T1467	Album
T1589	Album
T1739	Album
T1742	Album
T1744	Album
T1747	Album
T1750	Album
T1757	Album
T1766	Album
T1778	Album
T1793	Album
T1802	Album
T1803	Album
T1823	Album
T1831	Album
T1834	Album
T1848	Album
T1853	Album
T1867	Album
T1870	Album
T1872	Album
T1879	Album
T1897	Album
T1900	Album
T1913	Album
T1930	Album
T1934	Album
T1940	Album
T1949	Album
T1953	Album
T1960	Album
T1963	Album
T1968	Album
T1970	Album
T1971	Album
T1975	Album
T1986	Album
T1987	Album
T1998	Album
T2000	Album
T2022	Album
T2026	Album
T2027	Album
T2031	Album
T2033	Album
T2375	Album
T2482	Album
T2702	Album
T69	Album
T7	Album
T445	Album
T501	Album
T587	Album
T612	Album
T742	Album
T886	Album
T978	Album
T1043	Album
T1169	Album
T1196	Album
T1243	Album
T1547	Album
T1764	Album
T1871	Album
T1899	Album
T2005	Album
T2368	Album
T2376	Album
T213	Person
T388	Country
T565	City
T2377	City
T1453	Person
T2523	Album
T2572	City
T1381	Sport
T1187	Airport
T1147	Airport
T1177	Airport
T2371	Event
T1051	Sport
T1530	Sport
T1583	Sport
T1525	Sport
T1842	TV Show
T2674	Album
T1241	Games
T458	Games
T2421	Language
T1724	Person
T485	Book
T1098	City
T1288	Awards
T1255	Awards
T1226	Awards
T1111	Awards
T1185	Awards
T1323	Awards
T1019	Event
T1983	Animal
T239	Animal
T575	Animal
T944	Animal
T2010	City
T660	Sports
T1597	Album
T2583	Movie
T286	Person
T1102	Person
T2474	City
T2494	Person
T2663	Person
T2582	Person
T1557	City
T541	Country
T1020	Animal
T1926	Animal
T967	Animal
T1931	Animal
T1376	Bridge
T1135	Bridge
T1892	City
T973	City
T259	City
T758	Animal
T937	Animal
T2543	City
T2546	City
T2629	City
T2534	City
T1181	City
T2692	City
T1348	City
T2706	City
T2484	City
T1733	City
T874	City
T2579	City
T2503	City
T1022	City
T2560	City
T873	City
T1443	City
T1109	City
T2670	City
T620	City
T2603	City
T2636	City
T2611	City
T566	City
T2612	City
T2633	City
T543	Sports
T536	City
T1890	City
T823	City
T821	City
T847	City
T997	City
T636	City
T822	City
T809	City
T1885	City
T2379	City
T880	City
T390	City
T519	City
T1434	City
T2672	City
T969	City
T1902	City
T1392	City
T2469	City
T1065	Food
T2348	Food
T1531	Animal
T2436	Sports
T2416	City
T2345	City
T437	City
T2461	City
T1078	Book
T1878	Book
T1992	Book
T1740	Book
T282	Book
T1860	Book
T946	Country
T2288	Food
T2294	Food
T1790	Event
T889	Sports
T2414	Sports
T236	Sports
T583	Sports
T506	Sports
T1127	Event
T1377	Event
T1384	Event
T1140	Event
T791	Event
T1808	Sports
T2404	Sports
T2406	Sports
T2407	Sports
T2409	Sports
T790	Event
T1107	City
T2324	Person
T1168	Game
T1300	Game
T831	Country
T1781	Country
T2617	City
T740	Country
T323	Country
T1372	Book
T1205	Book
T2303	Person
T915	Food&Drinks
T1427	Food&Drinks
T2481	Person
T1401	Organization
T500	Country
T365	Country
T463	Country
T1728	Movie
T1849	Sports
T901	Country
T447	Country
T1593	Sports
T1139	Organization
T1400	Organization
T772	Organization
T1246	Organization
T1678	Book
T1213	University
T1284	University
T1294	University
T1142	University
T1295	University
T1258	University
T1349	University
T1173	University
T1126	University
T1373	University
T1271	University
T1397	University
T1396	University
T1261	University
T1355	University
T1312	University
T2555	Organization
T1247	Organization
T2522	Organization
T2620	Organization
T2713	Organization
T2538	Organization
T2568	Organization
T1141	Sports
T1218	Sports
T1337	Sports
T1112	Organization
T1286	Organization
T1326	Organization
T1155	Organization
T1220	Organization
T1249	Organization
T2605	City
T1268	University
T635	Country
T719	Person
T1366	Organization
T1356	Sports
T2577	Sports
T1719	Sports
T916	Country
T1556	Movie
T297	Movie
T856	Book
T1874	Book
T921	Book
T1662	Book
T2635	Musician
T1782	City
T2553	City
T2598	City
T2719	City
T975	City
T2295	City
T2601	City
T2282	City
T2386	City
T2462	City
T1746	Movie
T1026	Movie
T618	Person
T1449	Person
T825	Sports
T1783	Sports
T577	Movie
T817	City
T2380	City
T2337	Sports
T2339	Sports
T2341	Sports
T1729	Person
T1658	Person
T1587	Person
T1653	Person
T1767	Person
T2015	Person
T1671	Person
T1623	Person
T1914	Person
T212	Person
T2512	Organization
T310	City
T2671	City
T1668	City
T2401	City
T2358	Event
T2417	Event
T1120	Organization
T2423	Country
T2424	Country
T2425	Country
T2426	Country
T2323	Country
T314	City
T1317	City
T931	City
T1327	City
T1298	City
T1256	City
T1143	City
T1174	City
T1836	City
T1394	City
T1212	City
T1266	City
T914	City
T2278	City
T1694	Food&Drinks
T231	Food&Drinks
T788	Food&Drinks
T1083	Food&Drinks
T1712	Food&Drinks
T2405	Sports
T2408	Sports
T2410	Sports
T2338	Sports
T2340	Sports
T2342	Sports
T2336	Sports
T464	Event
T2283	Event
T1521	City
T1915	City
T869	City
T2280	City
T2036	City
T998	City
T1800	City
T1166	Event
T1254	Event
T2681	Person
T1311	University
T1309	University
T1118	University
T1165	University
T1144	University
T1369	University
T1346	University
T1245	University
T1154	University
T1378	University
T1281	University
T1315	University
T1272	University
T1371	University
T1354	University
T1131	University
T1304	University
T225	City
T1974	City
T2411	City
T1293	Architecture
T1227	Architecture
T1116	Architecture
T1334	Architecture
T1269	Architecture
T1289	Architecture
T1310	Architecture
T1568	City
T1129	Event
T1222	Architecture
T2687	Person
T2459	Person
T394	Person
T2615	Person
T2618	Organization
T1217	Person
T2526	Organization
T2645	Organization
T2704	Organization
T2511	Organization
T1613	Person
T1501	Person
T1545	Person
T2453	Sports
T2452	Sports
T262	Sports
T616	Sports
T929	Sports
T2463	Person
T291	Country
T2008	Country
T380	Country
T357	Country
T898	Country
T563	Country
T918	Country
T434	Wineyard
T1273	Sports
T814	Animal
T1090	Animal
T560	Animal
T1093	Animal
T2347	Food&Drinks
T2286	Food&Drinks
T1340	University
T927	Animal
T2309	Product
T2480	Sports
T1858	Person
T1395	Organization
T1905	Food&Drinks
T202	Game
T1104	Game
T1175	Game
T1228	City
T2314	Country
T2458	Person
T2557	Person
T1353	Person
T2684	Person
T1512	Person
T1667	Person
T2432	Person
T2456	Person
T899	City
T2304	City
T1047	City
T2575	Person
T2473	Person
T2653	Person
T2332	Person
T2431	Person
T2455	Person
T2327	Person
T1105	Product
T1160	Product
T1001	Product
T693	Product
T862	Product
T2700	Product
T2306	Product
T2667	Person
T2537	City
T2714	City
T2573	City
T2536	City
T2715	City
T2637	City
T774	City
T523	City
T1044	City
T1199	City
T2680	City
T2471	City
T2686	City
T2628	City
T2485	City
T2597	City
T2513	City
T952	City
T872	City
T2599	City
T2477	City
T2318	Person
T2356	Person
T1000	Person
T2354	Person
T2355	Person
T2428	Person
T2429	Person
T2467	Person
T2322	Person
T2352	Person
T351	Person
T540	Person
T701	Person
T2319	Person
T1864	Country
T300	Country
T319	Country
T2506	Person
T1997	Person
T258	Person
T1690	Person
T1172	Aircraft
T1204	Aircraft
T1314	Aircraft
T1215	Aircraft
T1192	Aircraft
T1260	Aircraft
T1130	Aircraft
T1361	Aircraft
T1363	Aircraft
T1248	Aircraft
T1259	Aircraft
T1162	Aircraft
T1297	Aircraft
T2399	None
T2418	Planet
T2419	Planet
T2556	Movie
T941	Food
T615	Country
T2548	City
T2655	City
T1861	City
T1826	River
T2367	Country
T2276	Country
T440	Country
T982	Country
T2016	Animal
T1198	Award
T1164	Sports
T1586	Planet
T2554	City
T2567	City
T1903	City
T2705	City
T683	City
T1511	City
T2466	City
T2357	City
T1928	Country
T1073	Country
T1863	Country
T1943	Country
T439	Country
T334	Country
T312	Country
T1807	Country
T815	Country
T526	Country
T527	Country
T446	Country
T1035	Country
T603	Country
T1014	Country
T2006	Country
T1021	Country
T757	Country
T1907	Country
T829	Country
T1070	Country
T1932	Country
T681	Country
T2450	Country
T337	Country
T1561	Country
T1761	Country
T228	Country
T702	Country
T1009	City
T2682	Person
T2544	Country
T2350	Product
T1537	Element
T579	Movie
T799	Person
T2435	Country
T2493	City
T910	City
T940	City
T209	City
T474	City
T1053	City
T1056	City
T1647	City
T1962	City
T1092	City
T1722	Person
T669	Person
T2353	Person
T2625	Organization
T2532	Organization
T2591	Organization
T2509	Organization
T2519	Movie
T2570	Movie
T325	City
T1086	City
T1954	City
T2035	City
T1002	City
T1888	City
T429	City
T2333	City
T466	City
T953	Food&Drink
T1387	Award
T1347	Award
T1159	Universtiy
T1275	Universtiy
T293	Food&Drink
T2564	Food&Drink
T897	City
T2580	Organization
T2498	Organization
T1319	Product
T1700	City
T810	City
T1033	City
T905	City
T1108	City
T1343	University
T1689	Food
T624	Wineyard
T593	City
T1633	University
T2430	City
T1541	Person
T1652	Person
T2427	Car
T571	Painting
T698	Painting
T738	Painting
T1367	Painting
T574	Painting
T632	Book
T984	Book
T2449	Book
T1031	Movie
T857	Movie
T1007	City
T2437	Painting
T2284	Painting
T2312	Painting
T1150	Painting
T725	Person
T961	Person
T1480	Person
T2045	Air crash
T2046	Earthquakes
T2047	Earthquakes
T2048	Earthquakes
T2049	Earthquakes
T2050	Earthquakes
T2051	Earthquakes
T2052	Earthquakes
T2053	Computer
T2054	Bus/Train Lines
T2055	Diseases
T2056	Diseases
T2057	Engines
T2058	Cloud
T2059	Festival
T2060	Coffe House
T2061	Computer
T2062	Element
T2063	Element
T2064	Diseases
T2065	Bus/Train Lines
T2066	Bus/Train Lines
T2067	Bus/Train Lines
T2068	Bus/Train Lines
T2069	Bridge
T2070	Diseases
T2071	Festival
T2072	Diseases
T2073	Cars
T2074	Diseases
T2075	Diseases
T2076	Element
T2077	Bridge
T2078	Festival
T2079	Festival
T2080	Diseases
T2081	Diseases
T2082	Diseases
T2083	Element
T2084	Festival
T2085	Festival
T2086	Engines
T2087	Bus/Train Lines
T2088	Exams
T2157	Diseases
T2089	Occupation
T2090	Occupation
T2091	Bus/Train Lines
T2092	Bus/Train Lines
T2093	Festival
T2094	Exams
T2095	Diseases
T2096	Diseases
T2097	Cloud
T2098	Diseases
T2099	OS
T2100	Bus/Train Lines
T2101	Festival
T2102	Festival
T2103	Diseases
T2104	Bus/Train Lines
T2105	Diseases
T2106	Festival
T2107	Festival
T2108	Bus/Train Lines
T2109	Diseases
T2110	Air crash
T2111	Element
T2112	Equilibrium
T2113	Diseases
T2114	Festival
T2115	Diseases
T2116	Element
T2117	Bus/Train Station
T2118	Restaurant
T2119	Festival
T2120	Bus/Train Lines
T2121	Exams
T2122	Bridge
T2123	Diseases
T2124	Festival
T2125	Exams
T2126	Exams
T2127	Exams
T2128	Occupation
T2129	Diseases
T2130	Festival
T2131	Festival
T2132	Festival
T2133	Bridge
T2134	Smartphone
T2135	Computer
T2136	Diseases
T2137	Bus/Train Provider
T2138	Exams
T2139	OS
T2140	Diseases
T2184	Festival
T2141	Bus/Train Lines
T2142	Diseases
T2143	Exams
T2144	Bus/Train Lines
T2145	Bus/Train Lines
T2146	Air crash
T2147	Bus/Train Lines
T2148	Festival
T2149	Exams
T2150	Smartphone
T2151	OS
T2152	Air crash
T2153	Festival
T2154	Festival
T2155	Festival
T2156	Festival
T2158	Festival
T2159	Air crash
T2160	Bridge
T2161	Festival
T2162	Engines
T2163	Diseases
T2164	Exams
T2165	Hotel
T2166	Computer
T2167	Diseases
T2168	Smartphone
T2169	Diseases
T2170	Equilibrium
T2171	Exams
T2172	Bridge
T2173	Festival
T2174	Engines
T2175	Smartphone
T2176	Festival
T2177	Bus/Train Lines
T2178	Diseases
T2179	Festival
T2180	Bus/Train Lines
T2181	Element
T2182	Restaurant
T2183	Diseases
T2185	Bus/Train Lines
T2186	Festival
T2187	Equilibrium
T2188	Exams
T2189	Math
T2190	Diseases
T2191	Element
T2192	Occupation
T2193	Bus/Train Lines
T2194	Diseases
T2195	Festival
T2196	Festival
T2197	Festival
T2198	Bus/Train Lines
T2199	Restaurant
T2200	Bus/Train Lines
T2201	Diseases
T2202	Bus/Train Lines
T2203	Smartphone
T2204	Bridge
T2205	Exams
T2206	Diseases
T2207	Diseases
T2208	Exams
T2209	Bus/Train Lines
T2210	Bus/Train Lines
T2211	Diseases
T2212	Air crash
T2213	Diseases
T2214	Occupation
T2215	Element
T2216	Smartphone
T2217	Exams
T2218	Equilibrium
T2219	Air crash
T2220	Restaurant
T2221	Diseases
T2222	Computer
T2223	Occupation
T2224	Computer
T2225	Festival
T2226	Element
T2227	Exams
T2228	Diseases
T2229	Restaurant
T2230	Bus/Train Station
T2231	Diseases
T2232	Diseases
T2233	Diseases
T2234	Bus/Train Lines
T2235	Exams
T2236	Air crash
T2237	Bus/Train Lines
T2238	Festival
T2239	Festival
T2240	Bridge
T2241	Bus/Train Lines
T2242	Smartphone
T2243	Bus/Train Lines
T2244	Flight